{
  "continuous_indices": [
    0,
    1,
    4,
    5,
    6,
    7,
    8,
    12,
    13
  ],
  "valid_flag_index": 15,
  "eps": 1e-06,
  "mean": [
    0.37043336033821106,
    0.2148353010416031,
    0.0005908604362048209,
    5.148433774593286e-05,
    -0.0012228937121108174,
    0.04768499732017517,
    0.04294499754905701,
    0.14399999380111694,
    0.6000000834465027
  ],
  "std": [
    0.09774287045001984,
    0.0598580464720726,
    0.007269624155014753,
    0.006513791624456644,
    0.24674321711063385,
    0.022919222712516785,
    0.017293840646743774,
    0.2061213254928589,
    0.3464101552963257
  ]
}