{
  "models": [
    {
      "model_type": "flat",
      "num_samples": 5000,
      "dynamics_mse": 0.00024908309569582343,
      "dynamics_rmse": 0.015782367438077927,
      "dx_rmse": 0.0011853351024910808,
      "dy_rmse": 0.001120748114772141,
      "dtheta_rmse": 0.0272871982306242,
      "rollout": {
        "1": {
          "pos_rmse": 0.00042469921754673123,
          "theta_rmse": 0.0006034635007381439
        },
        "5": {
          "pos_rmse": 0.002710523782297969,
          "theta_rmse": 0.06856793165206909
        },
        "10": {
          "pos_rmse": 0.0031047314405441284,
          "theta_rmse": 0.07255447655916214
        },
        "20": {
          "pos_rmse": 0.0038644589949399233,
          "theta_rmse": 0.05778267979621887
        }
      },
      "all_finite": true
    },
    {
      "model_type": "object_centric",
      "num_samples": 5000,
      "dynamics_mse": 0.00031925796065479517,
      "dynamics_rmse": 0.017867790535092354,
      "dx_rmse": 0.001346445525996387,
      "dy_rmse": 0.0011809024726971984,
      "dtheta_rmse": 0.03089608997106552,
      "rollout": {
        "1": {
          "pos_rmse": 0.0004996125935576856,
          "theta_rmse": 0.0012179071782156825
        },
        "5": {
          "pos_rmse": 0.0008249188540503383,
          "theta_rmse": 0.044286344200372696
        },
        "10": {
          "pos_rmse": 0.0020351179409772158,
          "theta_rmse": 0.04159941151738167
        },
        "20": {
          "pos_rmse": 0.0028383356984704733,
          "theta_rmse": 0.054492272436618805
        }
      },
      "all_finite": true
    },
    {
      "model_type": "causality_aware",
      "num_samples": 5000,
      "dynamics_mse": 0.00033058543340303004,
      "dynamics_rmse": 0.01818200759589672,
      "dx_rmse": 0.0014482932165265083,
      "dy_rmse": 0.0013033139985054731,
      "dtheta_rmse": 0.03143182769417763,
      "rollout": {
        "1": {
          "pos_rmse": 0.000344606873113662,
          "theta_rmse": 0.0022012190893292427
        },
        "5": {
          "pos_rmse": 0.000620010367128998,
          "theta_rmse": 0.026713676750659943
        },
        "10": {
          "pos_rmse": 0.0005859322845935822,
          "theta_rmse": 0.02238355576992035
        },
        "20": {
          "pos_rmse": 0.001077762572094798,
          "theta_rmse": 0.04860411211848259
        }
      },
      "all_finite": true
    }
  ],
  "test_samples": 5000,
  "split_name": "random_episode_split/test"
}